{"Pazienti":[{"codiceUnivocoSanitario":"FRTGLR65T44D121T","statoPaziente":"RICOVERATO","dataRilascio":"-","cognome":"Frittegotto","dottore":"Elisabetta Perosino","nome":"Gloria","dataRicovero":"07/12/2019","diagnosi":"Ritardo mentale","luogoDiNascita":"Brescia, Italia","salone":"35S","dataDiNascita":"04/12/1965"},{"codiceUnivocoSanitario":"NOMRT45D52H967E","statoPaziente":"RICOVERATO","dataRilascio":"-","cognome":"Ogano","dottore":"Giacomo Carteni","nome":"Mareta","dataRicovero":"21/05/2019","diagnosi":"Alzheimer","luogoDiNascita":"Trieste, Verona","salone":"30A","dataDiNascita":"12/02/1945"},{"codiceUnivocoSanitario":"MSSFGN90T57L234K","statoPaziente":"RICOVERATO","dataRilascio":"-","cognome":"Massulo","dottore":"Giacomo Carteni","nome":"Fulgenzia","dataRicovero":"28/10/2019","diagnosi":"Raffredore","luogoDiNascita":"Padova, Italia","salone":"23A","dataDiNascita":"10/10/1933"},{"codiceUnivocoSanitario":"SPLDND33A25G003T","statoPaziente":"RICOVERATO","dataRilascio":"-","cognome":"Spellecchia","dottore":"Carmine Naccari Carlizzi","nome":"Edmondo","dataRicovero":"10/09/2019","diagnosi":"Cancro","luogoDiNascita":"Ancona, Italia","salone":"12F","dataDiNascita":"25/01/1933"},{"codiceUnivocoSanitario":"RNDFRS61E43B800M","statoPaziente":"RICOVERATO","dataRilascio":"-","cognome":"Randolino","dottore":"Christian Brogna","nome":"Eufrasia","dataRicovero":"10/06/2019","diagnosi":"Artrosi","luogoDiNascita":"Bologna, Italia","salone":"2C","dataDiNascita":"03/05/1961"},{"codiceUnivocoSanitario":"TBAVTR75S09D978R","statoPaziente":"RILASCIATO","dataRilascio":"28/11/2019","cognome":"Tabba","dottore":"Elisabetta Perosino","nome":"Vittorio","dataRicovero":"03/03/2019","diagnosi":"Ipertensione arteriosa","luogoDiNascita":"Roma, Italia","salone":"5B","dataDiNascita":"09/11/1975"},{"codiceUnivocoSanitario":"FFLGAI34R43A408R","statoPaziente":"RILASCIATO","dataRilascio":"04/01/2020","cognome":"Offelli","dottore":"Christian Brogna","nome":"Gaia","dataRicovero":"17/09/2019","diagnosi":"Parkinson","luogoDiNascita":"Cagliari, Italia","salone":"20A","dataDiNascita":"03/10/1934"},{"codiceUnivocoSanitario":"PNNTZN32E08C219B","statoPaziente":"RILASCIATO","dataRilascio":"02/08/2019","cognome":"Pennabea","dottore":"Giancarlo Gemelli","nome":"Tiziano","dataRicovero":"19/02/2019","diagnosi":"Aritmia","luogoDiNascita":"Venezia, Italia","salone":"2H","dataDiNascita":"08/05/1932"},{"codiceUnivocoSanitario":"BLYMST35C54L777F","statoPaziente":"RILASCIATO","dataRilascio":"02/02/2019","cognome":"Bleynat","dottore":"Carmine Naccari Carlizzi","nome":"Sophie","dataRicovero":"30/07/2019","diagnosi":"Alzheimer","luogoDiNascita":"Londra, Inghilterra","salone":"14D","dataDiNascita":"14/03/1935"},{"codiceUnivocoSanitario":"CRNRRG79R05I020C","statoPaziente":"RILASCIATO","dataRilascio":"10/10/2019","cognome":"Carnelosso","dottore":"Giancarlo Gemelli","nome":"Rodrigo","dataRicovero":"01/09/2019","diagnosi":"Raffredore","luogoDiNascita":"Madrid, Spagna","salone":"7B","dataDiNascita":"05/10/1979"},{"codiceUnivocoSanitario":"TRFLNE91M28H350E","statoPaziente":"RICOVERATO","dataRilascio":"-","cognome":"Trafojer","dottore":"Christian Brogna","nome":"Leone","dataRicovero":"23/12/2019","diagnosi":"Sinusite","luogoDiNascita":"India","salone":"10B","dataDiNascita":"28/08/1991"},{"codiceUnivocoSanitario":"NTRFNY42D49H710J","statoPaziente":"RICOVERATO","dataRilascio":"-","cognome":"Intraliggi","dottore":"Giancarlo Gemelli","nome":"Fanny","dataRicovero":"21/12/2019","diagnosi":"Cancro","luogoDiNascita":"Napoli, Italia","salone":"17F","dataDiNascita":"09/04/1942"},{"codiceUnivocoSanitario":"GRCPRI82B24G194U","statoPaziente":"RICOVERATO","dataRilascio":"-","cognome":"Goraci","dottore":"Carmine Naccari Carlizzi","nome":"Piero","dataRicovero":"29/01/2019","diagnosi":"Raffredore","luogoDiNascita":"Milano, Italia","salone":"3B","dataDiNascita":"24/02/1982"}]}