{"Infermieri":[{"autentificazione":{"pass":"care","id":"infermiere1"},"cognome":"Ferri","codiceDiIdentificazione":"XXX0","nome":"Rosaura"},{"autentificazione":{"pass":"care","id":"infermiere2"},"cognome":"Boni","codiceDiIdentificazione":"XXX1","nome":"Flavia"},{"autentificazione":{"pass":"care","id":"infermiere3"},"cognome":"Toscani","codiceDiIdentificazione":"III3","nome":"Liliana"},{"autentificazione":{"pass":"care","id":"infermiere4"},"cognome":"Russo","codiceDiIdentificazione":"BBB4","nome":"Natalia"},{"autentificazione":{"pass":"dasd","id":"dasd"},"cognome":"dasda","codiceDiIdentificazione":"dasdasd","nome":"dasd"}]}